"full_name","a","e","i","om","w","q","ad","per_y","data_arc","condition_code","n_obs_used","n_del_obs_used","n_dop_obs_used","H","diameter","extent","albedo","rot_per","GM","BV","UB","IR","spec_B","spec_T"
"    1P/Halley",17.93,0.9679,162.19,59.10,112.24,0.575,35.28,75.9,57852,0,8518,,,,11.0,14.9x8.2,0.04,,,,,,,
"    2P/Encke",2.22,0.8477,11.41,334.19,187.13,0.338,4.10,3.31,2546,1,640,,,,4.8,,0.046,11.083,,,,,,
"    3D/Biela",3.535,0.7513,13.22,250.67,221.66,0.879,6.19,6.65,,,26,,,,,,,,,,,,,
"    4P/Faye",3.798,0.5845,8.16,194.79,206.00,1.578,6.02,7.4,3593,0,3565,,,,3.54,,,,,,,,,
"    5D/Brorsen",3.101,0.8098,29.38,102.97,14.95,0.590,5.61,5.46,,,127,,,,,,,,,,,,,
"    6P/d'Arrest",3.497,0.6127,19.51,138.94,178.11,1.355,5.64,6.54,2913,1,1093,,,,3.2,,,,,,,,,
"    7P/Pons-Winnecke",3.419,0.6376,22.33,93.42,172.51,1.239,5.60,6.32,38229,0,1686,,,,5.2,,,,,,,,,
"    8P/Tuttle",5.7,0.8198,54.98,270.34,207.51,1.027,10.37,13.6,20161,0,1768,,,,4.5,,,,,,,,,
"    9P/Tempel 1",3.146,0.5097,10.47,68.75,179.20,1.543,4.75,5.58,6267,0,3283,,,,6.0,7.6x4.9,0.05,40.7,,,,,,
"   10P/Tempel 2",3.065,0.5365,12.03,117.80,195.53,1.420,4.71,5.37,8335,0,4621,,,,10.6,,0.022,8.93,,,,,,
"   11P/Tempel-Swift-LINEAR",3.289,0.5774,14.44,238.99,167.77,1.390,5.19,5.96,7002,0,1182,,,,,,,,,,,,,
"   12P/Pons-Brooks",17.18,0.9546,74.19,255.86,198.99,0.781,33.59,71.2,26285,0,8059,,,,,,,,,,,,,
"   13P/Olbers",16.68,0.9297,44.62,85.86,64.53,1.173,32.19,68.1,50377,0,2478,,,,,,,,,,,,,
"   14P/Wolf",4.25,0.3566,27.94,202.12,159.25,2.734,5.77,8.76,12084,0,395,,,,4.66,,,9.02,,,,,,
"   15P/Finlay",3.49,0.7202,6.80,13.75,347.63,0.977,6.00,6.52,5058,0,1655,,,,,,,,,,,,,
"   16P/Brooks 2",3.375,0.5690,4.31,159.34,220.17,1.455,5.29,6.2,2826,1,256,,,,,,,,,,,,,
"   17P/Holmes",3.626,0.4302,19.07,326.77,24.74,2.066,5.19,6.91,4401,0,2211,,,,3.42,,,,,,,,,
"   18D/Perrine-Mrkos",3.56,0.6426,17.76,240.88,166.05,1.272,5.85,6.72,2584,1,16,,,,,,,,,,,,,
"   19P/Borrelly",3.607,0.6379,29.32,74.30,351.86,1.306,5.91,6.85,3565,0,2452,,,,4.8,,0.022,,,,,,,
"   20D/Westphal",15.64,0.9198,40.89,348.01,57.08,1.254,30.03,61.9,22321,0,201,,,,,,,,,,,,,
"   21P/Giacobini-Zinner",3.5,0.7105,32.00,195.40,172.81,1.013,5.99,6.55,4922,0,1993,,,,2.0,,,,,,,,,
"   22P/Kopff",3.444,0.5486,4.74,120.84,162.91,1.555,5.33,6.39,4727,0,2690,,,,3.0,,0.05,,,,,,,
"   23P/Brorsen-Metcalf",17.07,0.9720,19.33,311.59,129.61,0.479,33.66,70.5,51904,0,223,,,,,,,,,,,,,
"   24P/Schaumasse",4.053,0.7088,11.57,78.85,58.07,1.180,6.93,8.16,9228,0,1626,,,,2.6,,,,,,,,,
"   25D/Neujmin 2",3.089,0.5668,10.64,328.72,193.70,1.338,4.84,5.43,3994,1,55,,,,,,,,,,,,,
"   26P/Grigg-Skjellerup",3.024,0.6397,22.46,211.63,1.90,1.090,4.96,5.26,6137,0,511,,,,2.6,,,,,,,,,
"   27P/Crommelin",9.093,0.9193,29.22,250.96,195.96,0.734,17.45,27.4,20203,0,455,,,,,,,,,,,,,
"   28P/Neujmin 1",6.982,0.7736,14.31,346.34,347.47,1.581,12.38,18.4,40390,0,1208,,,,21.4,,0.025,,,,,,,
"   29P/Schwassmann-Wachmann 1",6.046,0.0448,9.36,312.39,50.66,5.775,6.32,14.9,5832,0,739,,,,60.4,,0.033,,,,,,,
"   30P/Reinmuth 1",3.771,0.5023,8.13,119.72,13.25,1.877,5.66,7.32,5792,0,2543,,,,7.8,,,,,,,,,
"   31P/Schwassmann-Wachmann 2",4.243,0.1930,4.55,114.19,17.93,3.424,5.06,8.74,9095,0,1028,,,,6.2,,,,,,,,,
"   32P/Comas Sola",4.499,0.5567,9.94,57.67,53.30,1.994,7.00,9.54,4271,0,2867,,,,8.4,,,,,,,,,
"   33P/Daniel",4.024,0.4632,22.39,66.49,19.06,2.160,5.89,8.07,8897,0,773,,,,2.6,,,,,,,,,
"   34D/Gale",4.944,0.7607,11.73,67.92,209.16,1.183,8.70,11,,,47,,,,,,,,,,,,,
"   35P/Herschel-Rigollet",28.84,0.9740,64.21,355.98,29.30,0.748,56.94,155,,,75,,,,,,,,,,,,,
"   36P/Whipple",4.165,0.2582,9.94,182.39,201.96,3.089,5.24,8.5,26894,0,943,,,,4.56,,,,,,,,,
"   37P/Forbes",3.458,0.5342,8.96,314.58,330.02,1.611,5.30,6.43,5080,0,1737,,,,1.92,,,,,,,,,
"   38P/Stephan-Oterma",11.29,0.8593,18.35,78.00,359.59,1.589,20.99,37.9,28321,0,3293,,,,,,,,,,,,,
"   39P/Oterma",7.403,0.2284,1.48,303.64,89.70,5.712,9.09,20.1,29851,0,287,,,,,,,,,,,,,
"   40P/Vaisala 1",4.897,0.6324,11.53,134.73,47.29,1.800,7.99,10.8,8135,0,921,,,,4.2,,,,,,,,,
"   41P/Tuttle-Giacobini-Kresak",3.085,0.6613,9.23,141.06,62.17,1.045,5.13,5.42,2498,3,4300,,,,1.4,,,,,,,,,
"   42P/Neujmin 3",4.858,0.5856,3.99,150.35,147.18,2.013,7.70,10.7,8087,0,262,,,,2.2,,,,,,,,,
"   43P/Wolf-Harrington",4.252,0.4692,10.38,246.04,222.17,2.257,6.25,8.77,6077,0,2987,,,,3.6,,,,,,,,,
"   44P/Reinmuth 2",3.689,0.4270,5.90,286.48,58.12,2.114,5.26,7.09,3605,0,1496,,,,3.22,,,,,,,,,
"   45P/Honda-Mrkos-Pajdusakova",3.026,0.8240,4.25,88.93,326.34,0.533,5.52,5.26,2067,1,1823,8,4,,1.6,,,,,,,,,
"   46P/Wirtanen",3.093,0.6588,11.75,82.16,356.34,1.055,5.13,5.44,3693,2,4224,0,1,,1.2,,,,,,,,,
"   47P/Ashbrook-Jackson",4.124,0.3185,13.04,356.92,357.65,2.810,5.44,8.37,4296,0,2362,,,,5.6,,,15.6,,,,,,
"   48P/Johnson",3.499,0.4271,12.21,110.13,216.57,2.005,4.99,6.54,5664,0,2187,,,,5.74,,,,,,,,,
"   49P/Arend-Rigaux",3.567,0.6003,19.06,118.83,332.92,1.426,5.71,6.74,7860,0,4357,,,,8.48,,0.028,13.45,,,,,,
"   50P/Arend",4.087,0.5306,19.16,355.31,49.04,1.918,6.26,8.26,9404,0,1874,,,,1.9,,,,,,,,,
"   51P/Harrington",3.71,0.5420,5.42,83.72,269.16,1.699,5.72,7.15,2701,2,99,,,,4.8,,,,,,,,,
"   52P/Harrington-Abell",3.859,0.5400,10.23,336.84,139.66,1.775,5.94,7.58,3159,0,1164,,,,2.6,,,,,,,,,
"   53P/Van Biesbroeck",5.405,0.5511,6.61,148.90,134.26,2.426,8.38,12.6,6192,0,2920,,,,6.66,,,,,,,,,
"   54P/de Vico-Swift-NEAT",3.791,0.4261,6.06,358.82,1.79,2.176,5.41,7.38,5582,1,275,,,,,,,,,,,,,
"   55P/Tempel-Tuttle",10.34,0.9056,162.49,235.27,172.50,0.976,19.70,33.2,48407,,392,,,,3.6,,0.06,,,,,,,
"   56P/Slaughter-Burnham",5.086,0.5073,8.15,346.04,44.22,2.506,7.67,11.5,4940,0,1986,,,,3.12,,,,,,,,,
"   57P/duToit-Neujmin-Delporte",3.45,0.4998,2.85,188.81,115.13,1.726,5.17,6.41,5426,0,1389,,,,,,,,,,,,,
"   58P/Jackson-Neujmin",4.09,0.6605,13.46,160.61,200.44,1.389,6.79,8.27,9317,3,378,,,,,,,,,,,,,
"   59P/Kearns-Kwee",4.491,0.4764,9.34,312.86,127.75,2.352,6.63,9.52,3925,0,1270,,,,1.58,,,,,,,,,
"   60P/Tsuchinshan 2",3.51,0.5378,3.61,267.58,216.55,1.623,5.40,6.58,4866,0,1247,,,,,,,,,,,,,
"   61P/Shajn-Schaldach",3.692,0.4242,6.00,162.97,221.66,2.126,5.26,7.09,2569,3,895,,,,2.4,,,,,,,,,
"   62P/Tsuchinshan 1",3.438,0.5975,9.71,90.24,30.35,1.384,5.49,6.37,7200,0,3392,,,,,,,,,,,,,
"   63P/Wild 1",5.589,0.6510,19.78,358.03,168.95,1.951,9.23,13.2,24006,0,2091,,,,2.9,,,,,,,,,
"   64P/Swift-Gehrels",4.456,0.6873,8.95,300.00,97.14,1.393,7.52,9.41,6707,0,3436,,,,3.2,,,,,,,,,
"   65P/Gunn",3.884,0.2498,9.18,62.02,213.81,2.914,4.85,7.66,4309,0,3121,,,,10.8,,,,,,,,,
"   66P/du Toit",6.023,0.7866,18.67,22.00,257.34,1.285,10.76,14.8,16304,0,547,,,,,,,,,,,,,
"   67P/Churyumov-Gerasimenko",3.462,0.6409,7.04,50.14,12.80,1.243,5.68,6.44,5442,0,8608,,,,3.4,,,12.76129,662.2e-9,,,,,
"   68P/Klemola",4.899,0.6403,11.18,175.30,153.84,1.762,8.04,10.8,4656,0,1680,,,,4.4,,,,,,,,,
"   69P/Taylor",3.889,0.4136,22.04,104.85,343.67,2.280,5.50,7.67,2686,1,46,,,,,,,,,,,,,
"   70P/Kojima",3.675,0.4539,6.60,119.27,1.96,2.007,5.34,7.04,18799,0,2086,,,,3,,,,,,,,,
"   71P/Clark",3.139,0.4945,9.44,59.44,208.97,1.587,4.69,5.56,2842,1,1360,,,,1.36,,,,,,,,,
"   72P/Denning-Fujikawa",4.347,0.8205,9.23,35.44,338.47,0.781,7.91,9.06,16324,1,66,,,,,,,,,,,,,
"   73P/Schwassmann-Wachmann 3",3.093,0.6857,11.23,69.64,199.45,0.972,5.21,5.44,2740,0,515,,,,,,,,,,,,,
"   74P/Smirnova-Chernykh",4.165,0.1478,6.65,77.08,86.56,3.549,4.78,8.5,10394,0,6016,,,,4.46,,,,,,,,,
"   75D/Kohoutek",3.543,0.4963,5.91,269.69,175.80,1.785,5.30,6.67,4784,,81,,,,4.6,,,,,,,,,
"   76P/West-Kohoutek-Ikemura",3.471,0.5384,30.48,84.11,0.05,1.602,5.34,6.47,9743,0,1158,,,,0.66,,,,,,,,,
"   77P/Longmore",3.613,0.3542,24.34,14.89,196.95,2.333,4.89,6.87,18332,0,2629,,,,8.2,,,,,,,,,
"   78P/Gehrels 2",3.737,0.4612,6.25,210.56,192.73,2.014,5.46,7.23,5353,0,6051,,,,,,,,,,,,,
"   79P/du Toit-Hartley",3.031,0.5941,2.89,307.84,253.27,1.231,4.83,5.28,9595,1,215,,,,2.8,,,,,,,,,
"   80P/Peters-Hartley",4.023,0.5994,29.93,259.84,339.17,1.612,6.44,8.07,15016,0,179,,,,,,,,,,,,,
"   81P/Wild 2",3.45,0.5374,3.24,136.11,41.73,1.596,5.30,6.41,3613,0,2795,,,,4.0,,,,,,,,,
"   82P/Gehrels 3",4.135,0.1233,1.13,239.59,227.50,3.626,4.65,8.41,16277,0,143,,,,1.46,,,,,,,,,
"   83D/Russell 1",3.338,0.5172,22.66,230.84,0.38,1.612,5.06,6.1,2302,1,20,,,,,,,,,,,,,
"   84P/Giclas",3.641,0.4945,7.28,112.39,276.40,1.840,5.44,6.95,15537,0,1745,,,,1.80,,,,,,,,,
"   85D/Boethin",5.185,0.7812,4.30,359.40,37.62,1.135,9.24,11.8,4042,8,51,,,,,,,,,,,,,
"   86P/Wild 3",3.605,0.3722,15.47,72.39,179.19,2.264,4.95,6.85,5193,1,32,,,,0.86,,,,,,,,,
"   87P/Bus",3.441,0.3893,2.60,181.89,24.76,2.101,4.78,6.38,7602,1,667,,,,0.56,,,,,,,,,
"   88P/Howell",3.106,0.5641,4.38,56.69,235.88,1.354,4.86,5.47,4164,0,3010,,,,4.4,,,,,,,,,
"   89P/Russell 2",3.753,0.4084,12.08,41.44,250.18,2.220,5.29,7.27,16216,0,648,,,,2.8,,,,,,,,,
"   90P/Gehrels 1",6.069,0.5098,9.64,13.25,29.27,2.975,9.16,15,6092,2,577,,,,7.8,,,,,,,,,
"   91P/Russell 3",3.89,0.3302,14.09,247.90,354.87,2.606,5.18,7.67,9051,0,337,,,,,,,,,,,,,
"   92P/Sanguin",5.358,0.6593,19.44,181.46,163.79,1.825,8.89,12.4,13943,0,919,,,,2.38,,,,,,,,,
"   93P/Lovas 1",4.39,0.6124,12.22,339.92,74.61,1.702,7.08,9.2,16466,0,3521,,,,,,,18.2,,,,,,
"   94P/Russell 4",3.511,0.3641,6.18,70.90,92.68,2.233,4.79,6.58,27492,0,2188,,,,,,,20.7,,,,,,
"   96P/Machholz 1",3.035,0.9592,58.14,94.25,14.79,0.124,5.95,5.29,4468,0,669,,,,6.4,,,,,,,,,
"   97P/Metcalf-Brewington",4.8,0.4569,17.86,185.17,228.22,2.607,6.99,10.5,7819,1,391,,,,3.4,,,,,,,,,
"   98P/Takamizawa",3.806,0.5606,10.55,114.75,157.95,1.672,5.94,7.42,5528,0,558,,,,5.4,,,,,,,,,
"   99P/Kowal 1",6.135,0.2297,4.34,28.18,174.19,4.726,7.54,15.2,17259,0,1698,,,,10.2,,,,,,,,,
"  100P/Hartley 1",3.428,0.4138,25.58,37.76,181.87,2.010,4.85,6.35,13577,0,644,,,,,,,,,,,,,
"  101P/Chernykh",5.782,0.5977,5.03,116.59,277.43,2.326,9.24,13.9,6078,0,1211,,,,5.6,,,,,,,,,
"  102P/Shoemaker 1",3.737,0.4732,26.24,339.87,18.74,1.969,5.50,7.22,5645,1,392,,,,3.2,,,,,,,,,
"  103P/Hartley 2",3.476,0.6936,13.60,219.74,181.32,1.065,5.89,6.48,6202,0,8768,,,,1.6,,,18.1,,,,,,
"  104P/Kowal 2",3.208,0.6655,5.70,207.21,227.25,1.073,5.34,5.74,2351,2,1551,,,,2.0,,,,,,,,,
"  105P/Singer Brewster",3.469,0.4091,9.17,192.41,46.61,2.050,4.89,6.46,14389,0,898,,,,2.2,,,,,,,,,
"  106P/Schuster",3.754,0.5895,20.20,50.33,355.98,1.541,5.97,7.27,16272,0,745,,,,1.88,,,,,,,,,
"  108P/Ciffreo",3.642,0.5810,13.98,52.40,356.86,1.526,5.76,6.95,2839,0,2301,,,,3.2,,,,,,,,,
"  109P/Swift-Tuttle",26.09,0.9632,113.45,139.38,152.98,0.960,51.22,133,94131,0,652,,,,26,,,,,,,,,
"  110P/Hartley 3",3.604,0.3163,11.70,287.53,167.40,2.464,4.74,6.84,3562,0,2416,,,,4.3,,,10.153,,,,,,
"  111P/Helin-Roman-Crockett",4.16,0.1096,4.23,89.79,3.38,3.704,4.62,8.49,8753,1,137,,,,1.2,,,,,,,,,
"  112P/Urata-Niijima",3.536,0.5875,24.20,31.93,21.35,1.459,5.61,6.65,12257,0,617,,,,1.8,,,,,,,,,
"  113P/Spitaler",3.682,0.4245,5.78,14.39,50.03,2.119,5.24,7.07,48361,0,879,,,,2.2,,,,,,,,,
"  114P/Wiseman-Skiff",3.545,0.5545,18.27,271.06,172.84,1.579,5.51,6.67,5046,0,1860,,,,1.56,,,,,,,,,
"  115P/Maury",4.271,0.5183,11.67,176.08,121.11,2.057,6.48,8.83,12929,0,1382,,,,2.22,,,,,,,,,
"  116P/Wild 4",3.484,0.3723,3.61,20.99,173.31,2.187,4.78,6.5,5832,0,4667,,,,,,,,,,,,,
"  117P/Helin-Roman-Alu 1",4.096,0.2538,8.70,58.90,222.69,3.056,5.14,8.29,8063,0,6498,,,,9,,,,,,,,,
"  118P/Shoemaker-Levy 4",3.361,0.4551,10.09,142.11,314.44,1.831,4.89,6.16,3212,1,1771,,,,4.8,,,,,,,,,
"  119P/Parker-Hartley",4.295,0.2959,5.18,243.68,181.86,3.024,5.57,8.9,13734,0,3237,,,,,,,,,,,,,
"  120P/Mueller 1",4.136,0.3365,8.79,4.44,30.01,2.744,5.53,8.41,12471,0,147,,,,3.0,,,,,,,,,
"  121P/Shoemaker-Holt 2",4.51,0.2065,20.82,96.01,18.11,3.578,5.44,9.58,13225,0,769,,,,3.24,,,,,,,,,
"  122P/de Vico",17.68,0.9627,85.38,79.62,13.00,0.659,34.70,74.3,54902,0,294,,,,,,,,,,,,,
"  123P/West-Hartley",3.86,0.4492,15.36,46.51,102.96,2.126,5.59,7.58,5600,0,3382,,,,,,,3.7,,,,,,
"  124P/Mrkos",3.317,0.5039,31.53,0.41,183.72,1.645,4.99,6.04,12718,0,2990,,,,,,,,,,,,,
"  125P/Spacewatch",3.126,0.5127,9.99,153.20,87.15,1.523,4.73,5.53,12097,0,1297,,,,1.6,,,,,,,,,
"  126P/IRAS",5.64,0.6963,45.87,357.86,356.52,1.713,9.57,13.4,10052,0,1717,,,,3.2,,,,,,,,,
"  127P/Holt-Olmstead",3.451,0.3607,14.30,13.65,6.71,2.206,4.70,6.41,5004,0,909,,,,,,,,,,,,,
"  128P/Shoemaker-Holt 1",4.504,0.3215,4.36,214.30,210.58,3.056,5.95,9.56,7065,0,834,,,,,,,,,,,,,
"  129P/Shoemaker-Levy 3",4.304,0.0906,3.43,185.16,309.13,3.914,4.69,8.93,8240,1,720,,,,,,,,,,,,,
"  130P/McNaught-Hughes",3.382,0.4608,6.07,70.26,245.91,1.824,4.94,6.22,12517,0,2366,,,,4.2,,,,,,,,,
"  131P/Mueller 2",3.679,0.3432,7.35,214.20,179.28,2.416,4.94,7.06,12899,0,906,,,,,,,,,,,,,
"  132P/Helin-Roman-Alu 2",3.886,0.5647,5.38,174.00,216.35,1.692,6.08,7.66,2772,0,1323,,,,,,,,,,,,,
"  134P/Kowal-Vavrova",6.229,0.5872,4.35,202.12,18.56,2.572,9.89,15.5,11811,0,1061,,,,,,,,,,,,,
"  135P/Shoemaker-Levy 8",3.828,0.2902,6.05,213.36,22.70,2.717,4.94,7.49,10987,1,115,,,,3.8,,,,,,,,,
"  136P/Mueller 3",4.202,0.2911,9.42,137.45,225.12,2.979,5.43,8.61,6753,1,706,,,,,,,,,,,,,
"  137P/Shoemaker-Levy 2",4.518,0.5721,4.85,233.07,140.99,1.933,7.10,9.6,11171,0,1224,,,,5.8,,,7.7,,,,,,
"  138P/Shoemaker-Levy 7",3.625,0.5294,10.08,309.44,95.56,1.706,5.54,6.9,12360,0,126,,,,,,,,,,,,,
"  139P/Vaisala-Oterma",4.522,0.2475,2.33,242.38,165.73,3.403,5.64,9.62,28975,0,546,,,,,,,,,,,,,
"  140P/Bowell-Skiff",6.397,0.6918,3.84,343.46,173.09,1.972,10.82,16.2,,,,,,,,,,,,,,,,
"  141P/Machholz 2",3.055,0.7367,13.98,241.88,153.62,0.804,5.31,5.34,2131,0,852,,,,,,,,,,,,,
"  142P/Ge-Wang",4.966,0.4991,12.31,176.52,175.63,2.487,7.45,11.1,8092,1,94,,,,,,,,,,,,,
"  143P/Kowal-Mrkos",4.296,0.4095,4.69,245.31,320.79,2.537,6.06,8.9,15239,0,1309,,,,,,,,,,,,,
"  144P/Kushida",3.829,0.6351,3.93,242.98,216.35,1.397,6.26,7.49,2865,0,3111,,,,,,,,,,,,,
"  145P/Shoemaker-Levy 5",4.143,0.5406,11.26,26.80,10.32,1.903,6.38,8.43,12537,0,1324,,,,,,,,,,,,,
"  146P/Shoemaker-LINEAR",4.031,0.6473,23.11,53.38,316.99,1.422,6.64,8.09,8982,0,660,,,,,,,,,,,,,
"  147P/Kushida-Muramatsu",3.802,0.2756,2.37,93.77,347.03,2.755,4.85,7.41,5961,3,57,,,,0.42,,,,,,,,,
"  148P/Anderson-LINEAR",3.678,0.5393,3.68,89.79,6.60,1.694,5.66,7.05,21697,0,250,,,,,,,,,,,,,
"  149P/Mueller 4",4.326,0.3883,29.75,145.26,43.57,2.646,6.01,9,9974,1,494,,,,,,,11.88,,,,,,
"  150P/LONEOS",3.881,0.5465,18.51,272.41,245.62,1.760,6.00,7.64,16925,0,1320,,,,,,,,,,,,,
"  151P/Helin",5.807,0.5709,4.73,143.55,215.53,2.492,9.12,14,10382,1,420,,,,8.4,,,,,,,,,
"  152P/Helin-Lawrence",4.493,0.3072,9.87,91.90,163.59,3.113,5.87,9.52,11581,0,1298,,,,,,,,,,,,,
"  153P/Ikeya-Zhang",51.12,0.9901,28.12,93.37,34.67,0.507,101.73,365,403,2,1893,,,,,,,,,,,,,
"  154P/Brewington",4.882,0.6720,17.89,343.43,48.91,1.601,8.16,10.8,4261,0,2636,,,,,,,,,,,,,
"  155P/Shoemaker 3",6.594,0.7261,6.40,97.28,14.60,1.806,11.38,16.9,12550,0,1966,,,,,,,,,,,,,
"  156P/Russell-LINEAR",3.462,0.6149,17.26,35.40,0.38,1.333,5.59,6.44,7882,0,2317,,,,,,,,,,,,,
"  157P/Tritton",3.368,0.6275,11.18,289.43,157.44,1.255,5.48,6.18,2804,1,434,,,,,,,,,,,,,
"  158P/Kowal-LINEAR",4.721,0.0306,7.91,137.31,232.61,4.576,4.87,10.3,16622,0,1093,,,,,,,,,,,,,
"  159P/LONEOS",5.86,0.3821,23.46,55.06,4.87,3.621,8.10,14.2,11417,0,880,,,,,,,,,,,,,
"  160P/LINEAR",3.967,0.4791,17.28,337.00,18.20,2.067,5.87,7.9,8812,0,973,,,,,,,,,,,,,
"  161P/Hartley-IRAS",7.73,0.8351,95.70,1.40,47.09,1.275,14.19,21.5,7994,0,335,,,,,,,,,,,,,
"  162P/Siding Spring",3.053,0.5961,27.82,31.24,356.33,1.233,4.87,5.34,12903,0,3224,,,,,,,32.853,,,,,,
"  163P/NEAT",3.68,0.4760,12.50,103.35,348.05,1.928,5.43,7.06,10737,0,355,,,,,,,,,,,,,
"  164P/Christensen",3.659,0.5397,16.26,88.31,325.98,1.684,5.63,7,5576,0,1438,,,,,,,,,,,,,
"  165P/LINEAR",18.05,0.6216,15.91,0.64,126.21,6.830,29.27,76.7,1209,4,143,,,,,,,,,,,,,
"  166P/NEAT",13.88,0.3831,15.37,64.49,321.88,8.564,19.20,51.7,2742,3,168,,,,,,,,,,,,,
"  167P/CINEOS",16.14,0.2700,19.13,295.84,343.65,11.783,20.50,64.9,3416,3,96,,,,66.170,,0.053,,,,,,,
"  168P/Hergenrother",3.624,0.6095,21.93,356.48,13.92,1.415,5.83,6.9,5193,0,3377,,,,,,,,,,,,,
"  169P/NEAT",2.606,0.7668,11.30,176.19,217.96,0.608,4.60,4.21,13205,0,1332,,,,,,,8.369,,,,,,
"  170P/Christensen",4.201,0.3042,10.12,142.92,225.53,2.923,5.48,8.61,3878,1,987,,,,,,,,,,,,,
"  171P/Spahr",3.558,0.5020,21.93,101.70,347.17,1.772,5.34,6.71,7437,0,654,,,,,,,,,,,,,
"  172P/Yeung",4.174,0.2243,11.34,33.68,208.78,3.238,5.11,8.53,11550,0,794,,,,,,,,,,,,,
"  173P/Mueller 5",5.691,0.2614,16.51,100.50,29.39,4.204,7.18,13.6,11225,0,1194,,,,,,,,,,,,,
"  175P/Hergenrother",3.481,0.4249,6.08,126.08,51.65,2.002,4.96,6.5,9503,0,855,,,,,,,,,,,,,
"  177P/Barnard",24.3,0.9544,31.22,272.07,60.45,1.107,47.50,120,42903,0,1702,,,,,,,,,,,,,
"  178P/Hug-Bell",3.669,0.4730,10.98,103.57,296.95,1.934,5.41,7.03,7829,0,1037,,,,,,,,,,,,,
"  179P/Jedicke",5.937,0.3071,19.86,115.62,296.30,4.114,7.76,14.5,10626,0,557,,,,,,,,,,,,,
"  180P/NEAT",3.858,0.3549,16.87,84.57,94.86,2.489,5.23,7.58,6092,1,1053,,,,,,,,,,,,,
"  181P/Shoemaker-Levy 6",3.839,0.7073,16.98,37.68,333.80,1.124,6.55,7.52,8252,2,88,,,,,,,,,,,,,
"  182P/LONEOS",2.931,0.6663,16.91,75.10,51.44,0.978,4.88,5.02,5482,0,200,,,,,,,,,,,,,
"  183P/Korlevic-Juric",4.494,0.1350,18.74,5.84,160.86,3.887,5.10,9.53,26235,0,737,,,,,,,,,,,,,
"  184P/Lovas 2",3.522,0.6043,1.55,277.74,78.06,1.394,5.65,6.61,12394,0,349,,,,6.2,,,,,,,,,
"  185P/Petriew",3.1,0.6988,14.00,214.10,181.94,0.934,5.27,5.46,4272,0,715,,,,,,,,,,,,,
"  186P/Garradd",4.95,0.1268,28.54,327.58,287.34,4.322,5.58,11,17324,0,880,,,,,,,,,,,,,
"  187P/LINEAR",4.494,0.1732,13.66,111.74,134.74,3.715,5.27,9.53,7798,0,296,,,,,,,,,,,,,
"  188P/LINEAR-Mueller",4.378,0.4164,10.54,359.12,26.67,2.555,6.20,9.16,6794,0,1254,,,,,,,,,,,,,
"  189P/NEAT",2.918,0.5976,20.40,282.20,15.31,1.174,4.66,4.98,7330,0,1469,,,,,,,,,,,,,
"  190P/Mueller",4.242,0.5207,2.17,335.55,50.42,2.033,6.45,8.74,9665,1,693,,,,,,,,,,,,,
"  191P/McNaught",3.533,0.4207,8.76,106.50,274.21,2.046,5.02,6.64,7832,0,787,,,,,,,,,,,,,
"  192P/Shoemaker-Levy 1",6.476,0.7720,24.54,51.59,313.08,1.476,11.48,16.5,12468,0,200,,,,,,,,,,,,,
"  193P/LINEAR-NEAT",3.575,0.3942,10.69,335.19,8.44,2.166,4.98,6.76,7483,1,944,,,,,,,,,,,,,
"  194P/LINEAR",4.006,0.5743,11.12,352.05,130.54,1.705,6.31,8.02,6011,0,152,,,,,,,,,,,,,
"  195P/Hill",6.492,0.3139,36.34,243.08,249.66,4.454,8.53,16.5,12007,0,1041,,,,,,,,,,,,,
"  196P/Tichy",3.775,0.4344,19.38,24.26,11.95,2.135,5.41,7.33,8126,0,459,,,,,,,,,,,,,
"  197P/LINEAR",2.867,0.6299,25.56,66.40,188.75,1.061,4.67,4.86,7452,0,325,,,,,,,,,,,,,
"  198P/ODAS",3.583,0.4477,1.35,358.74,69.06,1.979,5.19,6.78,7315,2,200,,,,,,,,,,,,,
"  199P/Shoemaker 4",5.948,0.5075,24.76,92.62,191.83,2.929,8.97,14.5,10776,2,863,,,,,,,,,,,,,
"  200P/Larsen",4.908,0.3332,12.12,234.82,133.69,3.272,6.54,10.9,8082,0,610,,,,,,,,,,,,,
"  201P/LONEOS",3.461,0.6129,7.04,35.29,24.95,1.340,5.58,6.44,4998,0,865,,,,,,,,,,,,,
"  202P/Scotti",3.774,0.3304,2.19,194.59,255.59,2.527,5.02,7.33,34795,0,449,,,,,,,,,,,,,
"  203P/Korlevic",4.654,0.3160,2.97,290.52,154.73,3.183,6.12,10,7856,0,1174,,,,,,,,,,,,,
"  204P/LINEAR-NEAT",3.656,0.4722,6.59,109.07,355.05,1.930,5.38,6.99,5361,0,1273,,,,,,,,,,,,,
"  205P/Giacobini",3.547,0.5669,15.29,179.62,154.26,1.536,5.56,6.68,4813,0,564,,,,,,,,,,,,,
"  206P/Barnard-Boattini",3.234,0.6485,33.20,204.38,181.36,1.136,5.33,5.81,42448,2,284,,,,,,,,,,,,,
"  207P/NEAT",3.872,0.7591,10.19,198.34,273.00,0.933,6.81,7.62,8420,0,945,,,,,,,,,,,,,
"  208P/McMillan",4.05,0.3720,4.41,36.43,310.60,2.543,5.56,8.15,8898,0,402,,,,,,,,,,,,,
"  209P/LINEAR",2.95,0.6814,21.34,62.87,152.63,0.940,4.96,5.07,7592,0,2879,9,4,,,,,,,,,,,
"  210P/Christensen",3.162,0.8340,10.28,93.80,345.93,0.525,5.80,5.62,2025,1,59,,,,,,,,,,,,,
"  211P/Hill",3.559,0.3392,18.89,117.27,4.34,2.352,4.77,6.72,7334,0,854,,,,,,,,,,,,,
"  212P/NEAT",3.924,0.5790,22.41,98.91,14.98,1.652,6.20,7.77,8529,0,154,,,,1.7,,0.096,,,,,,,
"  213P/Van Ness",3.348,0.4076,10.38,311.32,5.56,1.983,4.71,6.13,2809,3,367,,,,,,,,,,,,,
"  214P/LINEAR",3.604,0.4896,15.23,348.31,190.16,1.840,5.37,6.84,2665,1,131,,,,,,,,,,,,,
"  215P/NEAT",4.332,0.1993,10.04,62.72,254.12,3.469,5.20,9.02,11160,0,1011,,,,,,,,,,,,,
"  216P/LINEAR",3.875,0.4455,9.05,359.87,151.51,2.149,5.60,7.63,8526,0,403,,,,,,,,,,,,,
"  217P/LINEAR",3.949,0.6891,12.87,125.57,246.90,1.227,6.67,7.85,6144,0,3182,,,,,,,,,,,,,
"  218P/LINEAR",3.096,0.6217,2.73,176.03,59.67,1.171,5.02,5.45,4039,1,481,,,,,,,,,,,,,
"  219P/LINEAR",3.65,0.3520,11.53,231.03,107.48,2.365,4.94,6.97,8268,0,1145,,,,,,,,,,,,,
"  220P/McNaught",3.113,0.5022,8.13,150.12,180.75,1.550,4.68,5.49,6042,0,484,,,,,,,,,,,,,
"  221P/LINEAR",3.473,0.4876,11.43,229.99,39.51,1.780,5.17,6.47,7497,0,627,,,,,,,,,,,,,
"  222P/LINEAR",2.857,0.7268,5.15,7.13,345.43,0.781,4.93,4.83,5283,0,239,,,,,,,,,,,,,
"  223P/Skiff",4.148,0.4164,27.05,346.82,37.86,2.420,5.87,8.45,7175,0,776,,,,,,,,,,,,,
"  224P/LINEAR-NEAT",3.37,0.4373,14.87,43.27,10.94,1.896,4.84,6.19,6992,2,107,,,,,,,,,,,,,
"  225P/LINEAR",3.651,0.6374,21.34,14.18,3.88,1.324,5.98,6.98,7808,0,519,,,,,,,,,,,,,
"  226P/Pigott-LINEAR-Kowalski",3.769,0.5282,44.00,54.01,341.10,1.778,5.76,7.32,5328,0,1679,,,,,,,,,,,,,
"  227P/Catalina-LINEAR",3.559,0.5104,6.51,48.59,90.86,1.742,5.38,6.71,10051,0,1235,,,,,,,,,,,,,
"  228P/LINEAR",4.168,0.1770,7.92,31.07,114.81,3.430,4.91,8.51,8717,0,436,,,,,,,,,,,,,
"  229P/Gibbs",3.934,0.3761,26.07,157.91,224.22,2.455,5.41,7.8,8503,1,293,,,,,,,,,,,,,
"  230P/LINEAR",3.4,0.5631,14.65,112.40,308.91,1.485,5.31,6.27,10367,0,1528,,,,,,,,,,,,,
"  231P/LINEAR-NEAT",4.026,0.2468,12.33,133.08,42.43,3.032,5.02,8.08,25635,0,573,,,,,,,,,,,,,
"  232P/Hill",4.485,0.3349,14.64,56.13,53.42,2.983,5.99,9.5,7058,0,297,,,,,,,,,,,,,
"  233P/La Sagra",3.031,0.4111,11.28,74.93,27.17,1.785,4.28,5.28,7638,0,164,,,,,,,,,,,,,
"  234P/LINEAR",3.815,0.2508,11.52,179.72,358.13,2.858,4.77,7.45,8586,0,377,,,,,,,,,,,,,
"  235P/LINEAR",3.993,0.3151,8.90,204.45,333.65,2.735,5.25,7.98,8783,0,399,,,,,,,,,,,,,
"  236P/LINEAR",3.728,0.5086,16.33,245.66,119.34,1.832,5.62,7.2,7609,0,855,,,,,,,,,,,,,
"  237P/LINEAR",3.512,0.4344,14.01,245.38,25.24,1.987,5.04,6.58,5278,0,2268,,,,,,,,,,,,,
"  238P/Read",3.166,0.2517,1.26,51.63,324.21,2.369,3.96,5.63,6241,1,119,,,,,,,,,,,,,
"  239P/LINEAR",4.47,0.6314,11.31,255.94,220.38,1.648,7.29,9.45,7096,0,365,,,,,,,,,,,,,
"  240P/NEAT",3.862,0.4502,23.54,74.91,352.00,2.123,5.60,7.59,3111,0,3071,,,,,,,,,,,,,
"  241P/LINEAR",4.954,0.6099,20.87,305.81,110.53,1.932,7.98,11,8217,0,874,,,,,,,,,,,,,
"  242P/Spahr",5.475,0.2776,32.49,180.59,246.46,3.955,6.99,12.8,10302,0,1332,,,,,,,,,,,,,
"  243P/NEAT",3.831,0.3592,7.64,87.67,283.78,2.455,5.21,7.5,8135,0,819,,,,,,,,,,,,,
"  244P/Scotti",4.892,0.1986,2.26,354.13,92.75,3.921,5.86,10.8,8580,0,1834,,,,,,,,,,,,,
"  245P/WISE",4.008,0.4661,21.09,318.53,316.40,2.139,5.88,8.02,5882,1,103,,,,,,,,,,,,,
"  246P/NEAT",4.028,0.2850,15.97,78.78,176.17,2.880,5.18,8.08,8371,0,4914,,,,,,,,,,,,,
"  247P/LINEAR",3.965,0.6256,13.68,54.12,47.34,1.484,6.45,7.9,5998,0,1346,,,,,,,,,,,,,
"  248P/Gibbs",5.987,0.6390,6.36,207.79,210.15,2.161,9.81,14.6,10708,0,301,,,,,,,,,,,,,
"  249P/LINEAR",2.77,0.8187,8.40,239.85,64.81,0.502,5.04,4.61,5205,0,884,,,,,,,,,,,,,
"  250P/Larson",3.733,0.4075,13.29,73.73,44.98,2.212,5.25,7.21,10654,0,530,,,,,,,,,,,,,
"  251P/LINEAR",3.492,0.5098,23.51,219.55,30.91,1.712,5.27,6.53,7447,0,431,,,,,,,,,,,,,
"  252P/LINEAR",3.047,0.6731,10.42,190.95,343.31,0.996,5.10,5.32,1972,3,122,,,,,,,,,,,,,
"  253P/PANSTARRS",3.469,0.4130,4.94,146.88,230.71,2.036,4.90,6.46,9639,0,936,,,,,,,,,,,,,
"  254P/McNaught",4.615,0.3203,32.57,129.17,219.47,3.137,6.09,9.92,16248,0,830,,,,,,,,,,,,,
"  255P/Levy",3.025,0.6720,18.33,279.78,179.59,0.992,5.06,5.26,5484,0,503,,,,,,,,,,,,,
"  256P/LINEAR",4.631,0.4194,27.63,81.44,124.12,2.689,6.57,9.97,7467,0,270,,,,,,,,,,,,,
"  257P/Catalina",3.754,0.4324,20.24,207.85,117.88,2.131,5.38,7.27,6073,0,2118,,,,,,,,,,,,,
"  258P/PANSTARRS",4.405,0.2104,6.75,126.29,26.01,3.478,5.33,9.24,7008,1,80,,,,,,,,,,,,,
"  259P/Garradd",2.727,0.3415,15.90,51.97,256.59,1.796,3.66,4.5,3306,0,68,,,,,,,,,,,,,
"  260P/McNaught",3.676,0.5943,15.77,351.86,15.58,1.491,5.86,7.05,5394,0,6700,,,,,,,,,,,,,
"  261P/Larson",3.532,0.4161,6.08,295.24,61.52,2.062,5.00,6.64,7491,0,1303,,,,,,,,,,,,,
"  262P/McNaught-Russell",6.935,0.8154,29.08,218.01,171.17,1.280,12.59,18.3,6706,0,1339,,,,,,,,,,,,,
"  263P/Gibbs",3.06,0.5878,11.54,105.81,34.57,1.261,4.86,5.35,6084,0,771,,,,,,,,,,,,,
"  264P/Larsen",3.893,0.3737,25.15,220.97,346.62,2.438,5.35,7.68,5541,1,112,,,,,,,,,,,,,
"  265P/LINEAR",4.253,0.6460,14.69,344.71,32.72,1.505,7.00,8.77,3252,0,539,,,,,,,,,,,,,
"  266P/Christensen",3.532,0.3396,3.43,5.00,98.01,2.332,4.73,6.64,2801,1,520,,,,,,,,,,,,,
"  267P/LONEOS",3.29,0.5934,5.37,245.25,96.86,1.338,5.24,5.97,4463,0,197,,,,,,,,,,,,,
"  268P/Bernardi",4.562,0.4698,16.10,127.63,0.32,2.419,6.71,9.75,7499,0,212,,,,,,,,,,,,,
"  269P/Jedicke",7.212,0.4347,6.61,248.99,223.92,4.077,10.35,19.4,8561,0,904,,,,,,,,,,,,,
"  270P/Gehrels",6.752,0.4676,2.86,225.68,211.48,3.595,9.91,17.5,6264,0,381,,,,,,,,,,,,,
"  271P/van Houten-Lemmon",6.974,0.3907,6.86,9.59,35.09,4.250,9.70,18.4,19841,1,96,,,,,,,,,,,,,
"  272P/NEAT",4.446,0.4565,18.19,111.52,26.20,2.416,6.48,9.37,7015,0,189,,,,,,,,,,,,,
"  273P/Pons-Gambart",32.83,0.9753,136.40,320.43,20.19,0.810,64.85,188,68223,3,1140,,,,,,,,,,,,,
"  274P/Tombaugh-Tenagra",4.364,0.4397,15.83,81.37,38.59,2.445,6.28,9.12,33732,0,915,,,,,,,,,,,,,
"  275P/Hermann",5.765,0.7139,21.57,349.27,173.14,1.649,9.88,13.8,5145,0,155,,,,,,,,,,,,,
"  276P/Vorobjov",5.326,0.2680,14.81,211.35,199.49,3.898,6.75,12.3,9149,0,1244,,,,,,,,,,,,,
"  277P/LINEAR",3.858,0.5038,16.75,276.35,152.18,1.914,5.80,7.58,5663,1,828,,,,,,,,,,,,,
"  278P/McNaught",3.7,0.4334,6.68,15.49,237.92,2.096,5.30,7.12,5591,0,519,,,,,,,,,,,,,
"  279P/La Sagra",3.575,0.3979,5.05,346.28,6.02,2.153,5.00,6.76,7845,0,290,,,,,,,,,,,,,
"  280P/Larsen",4.513,0.4177,11.78,131.49,104.86,2.628,6.40,9.59,6948,0,166,,,,,,,,,,,,,
"  281P/MOSS",4.856,0.1734,4.72,87.17,26.42,4.014,5.70,10.7,8130,1,101,,,,,,,,,,,,,
"  283P/Spacewatch",4.134,0.4857,14.46,161.25,22.00,2.126,6.14,8.41,6382,1,114,,,,,,,,,,,,,
"  284P/McNaught",3.673,0.3757,11.86,144.29,202.77,2.293,5.05,7.04,3931,0,1370,,,,,,,,,,,,,
"  285P/LINEAR",4.509,0.6179,25.02,185.48,178.40,1.723,7.30,9.58,7052,0,933,,,,,,,,,,,,,
"  286P/Christensen",4.115,0.4242,17.04,283.95,24.69,2.370,5.86,8.35,6389,0,470,,,,,,,,,,,,,
"  287P/Christensen",4.168,0.2710,16.32,139.05,188.87,3.038,5.30,8.51,4226,0,270,,,,,,,,,,,,,
"  289P/Blanpain",3.045,0.6851,5.90,68.92,9.85,0.959,5.13,5.31,4029,1,356,0,7,,,,,,,,,,,
"  290P/Jager",6.103,0.6470,19.07,303.49,180.92,2.154,10.05,15.1,6026,0,3751,,,,,,,,,,,,,
"  291P/NEAT",4.55,0.4305,5.96,241.04,176.03,2.591,6.51,9.71,7522,1,950,,,,,,,,,,,,,
"  292P/Li",6.135,0.5868,24.32,91.86,318.85,2.535,9.73,15.2,7152,0,498,,,,,,,,,,,,,
"  293P/Spacewatch",3.639,0.4197,9.06,78.44,41.15,2.112,5.17,6.94,5666,2,463,,,,,,,,,,,,,
"  294P/LINEAR",3.202,0.5955,18.22,312.90,235.32,1.295,5.11,5.73,6305,0,269,,,,,,,,,,,,,
"  295P/LINEAR",5.346,0.6149,21.10,7.69,73.26,2.059,8.63,12.4,8741,1,90,,,,,,,,,,,,,
"  296P/Garradd",3.503,0.4773,25.20,263.68,350.03,1.831,5.17,6.56,7293,0,333,,,,,,,,,,,,,
"  297P/Beshore",3.484,0.3086,10.26,98.29,131.82,2.409,4.56,6.5,4838,1,569,,,,,,,,,,,,,
"  298P/Christensen",3.49,0.4125,8.02,57.12,95.62,2.051,4.93,6.52,2608,2,145,,,,,,,,,,,,,
"  299P/Catalina-PANSTARRS",4.385,0.2816,10.48,271.63,323.90,3.150,5.62,9.18,14111,0,880,,,,,,,,,,,,,
"  300P/Catalina",2.699,0.6916,5.68,95.69,222.87,0.832,4.57,4.43,3356,0,148,,,,,,,,,,,,,
"  301P/LINEAR-NEAT",5.687,0.5874,10.62,355.78,189.40,2.346,9.03,13.6,4904,1,126,,,,,,,,,,,,,
"  302P/Lemmon-PANSTARRS",4.272,0.2301,6.03,121.73,208.53,3.289,5.26,8.83,6724,0,964,,,,,,,,,,,,,
"  303P/NEAT",5.073,0.5104,7.04,348.20,356.71,2.484,7.66,11.4,7957,1,251,,,,,,,,,,,,,
"  304P/Ory",3.244,0.5742,2.76,60.68,329.66,1.381,5.11,5.84,6712,0,1496,,,,,,,,,,,,,
"  305P/Skiff",4.646,0.6923,11.64,240.15,147.27,1.430,7.86,10,7435,0,1263,,,,,,,,,,,,,
"  306P/LINEAR",3.105,0.5985,8.37,341.49,0.69,1.247,4.96,5.47,8156,0,406,,,,,,,,,,,,,
"  307P/LINEAR",5.807,0.6747,4.42,158.12,222.11,1.889,9.72,14,5293,0,220,,,,,,,,,,,,,
"  308P/Lagerkvist-Carsenty",6.675,0.3622,4.84,63.14,333.65,4.257,9.09,17.2,6758,1,369,,,,,,,,,,,,,
"  309P/LINEAR",4.447,0.6080,17.67,11.45,50.80,1.743,7.15,9.38,7146,0,444,,,,,,,,,,,,,
"  310P/Hill",4.162,0.4260,13.19,8.96,31.66,2.389,5.93,8.49,6753,0,587,,,,,,,,,,,,,
"  311P/PANSTARRS",2.189,0.1157,4.97,279.26,144.00,1.936,2.44,3.24,7410,0,272,,,,,,,,,,,,,
"  312P/NEAT",3.459,0.4301,19.79,144.89,207.69,1.971,4.95,6.43,7082,1,161,,,,,,,,,,,,,
"  313P/Gibbs",3.162,0.2392,10.95,106.34,253.94,2.405,3.92,5.62,8037,0,200,,,,,,,,,,,,,
"  314P/Montani",7.275,0.4160,3.98,267.70,213.41,4.249,10.30,19.6,7589,0,384,,,,,,,,,,,,,
"  315P/LONEOS",5.023,0.5164,17.91,69.60,66.95,2.429,7.62,11.3,7692,0,2369,,,,,,,,,,,,,
"  316P/LONEOS-Christensen",4.327,0.1664,9.88,246.93,191.67,3.607,5.05,9,4192,2,128,,,,,,,,,,,,,
"  317P/WISE",2.957,0.5802,11.96,275.69,334.74,1.241,4.67,5.08,5301,1,93,,,,,,,,,,,,,
"  318P/McNaught-Hartley",7.53,0.6752,17.89,35.75,313.18,2.445,12.61,20.7,8165,0,442,,,,,,,,,,,,,
"  319P/Catalina-McNaught",3.573,0.6650,15.07,111.37,203.68,1.197,5.95,6.75,5294,0,371,,,,,,,,,,,,,
"  320P/McNaught",3.103,0.6824,4.89,295.96,0.67,0.985,5.22,5.47,4055,0,121,,,,,,,,,,,,,
"  321P/SOHO",2.427,0.9807,19.74,165.27,172.41,0.047,4.81,3.78,5539,3,91,,,,,,,,,,,,,
"  322P/SOHO",2.516,0.9787,12.59,359.52,49.05,0.054,4.98,3.99,5817,2,318,,,,,,,,,,,,,
"  323P/SOHO",2.582,0.9848,5.37,324.23,353.17,0.039,5.12,4.15,2999,0,171,,,,,,,,,,,,,
"  324P/La Sagra",3.094,0.1538,21.42,270.65,58.90,2.618,3.57,5.44,4108,0,500,,,,1.600,,0.010,,,,,,,
"  325P/Yang-Gao",3.406,0.6243,16.33,258.85,347.00,1.279,5.53,6.29,26052,0,1380,,,,,,,,,,,,,
"  326P/Hill",4.069,0.3169,2.47,99.81,278.79,2.779,5.36,8.21,12127,1,301,,,,,,,,,,,,,
"  327P/Van Ness",3.563,0.5628,36.25,173.97,185.02,1.558,5.57,6.73,7460,0,900,,,,,,,,,,,,,
"  328P/LONEOS-Tucker",4.204,0.5513,17.65,341.60,30.62,1.886,6.52,8.62,9594,0,609,,,,,,,,,,,,,
"  329P/LINEAR-Catalina",5.189,0.6801,21.47,88.79,342.31,1.660,8.72,11.8,4517,0,685,,,,,,,,,,,,,
"  330P/Catalina",6.59,0.5493,15.55,294.34,186.72,2.970,10.21,16.9,6358,0,342,,,,,,,,,,,,,
"  331P/Gibbs",3.005,0.0414,9.74,216.84,178.12,2.880,3.13,5.21,7778,0,200,,,,,,,,,,,,,
"  332P/Ikeya-Murakami",3.087,0.4886,9.38,3.82,152.43,1.579,4.60,5.42,80,6,385,,,,,,,,,,,,,
"  333P/LINEAR",4.22,0.7361,131.97,115.62,26.07,1.114,7.33,8.67,6528,0,1302,,,,,,,21.04,,,,,,
"  334P/NEAT",6.488,0.3545,19.06,92.78,81.09,4.188,8.79,16.5,6316,0,404,,,,,,,,,,,,,
"  335P/Gibbs",3.588,0.5435,7.28,330.89,162.30,1.638,5.54,6.8,5290,0,430,,,,,,,,,,,,,
"  336P/McNaught",4.813,0.4529,18.56,299.24,313.96,2.633,6.99,10.6,7621,1,164,,,,,,,,,,,,,
"  337P/WISE",3.288,0.4969,15.37,106.08,160.92,1.654,4.92,5.96,4506,0,386,,,,,,,,,,,,,
"  338P/McNaught",3.903,0.4103,25.35,9.81,4.51,2.301,5.50,7.71,6101,0,882,,,,,,,,,,,,,
"  339P/Gibbs",3.676,0.6398,5.75,172.78,27.16,1.324,6.03,7.05,2712,1,141,,,,,,,,,,,,,
"  340P/Boattini",4.237,0.2809,2.08,291.83,36.02,3.047,5.43,8.72,3836,2,289,,,,,,,,,,,,,
"  341P/Gibbs",4.293,0.4144,3.80,30.07,312.39,2.514,6.07,8.9,3376,1,283,,,,,,,,,,,,,
"  342P/SOHO",3.043,0.9826,13.27,43.40,58.70,0.053,6.03,5.31,5816,4,283,,,,,,,,,,,,,
"  343P/NEAT-LONEOS",5.475,0.5842,5.58,257.27,137.58,2.277,8.67,12.8,4882,0,324,,,,,,,,,,,,,
"  344P/Read",4.887,0.4220,3.48,273.29,140.37,2.825,6.95,10.8,23841,0,535,,,,,,,,,,,,,
"  345P/LINEAR",4.046,0.2195,2.72,154.52,196.47,3.158,4.93,8.14,5883,1,190,,,,,,,,,,,,,
"  346P/Catalina",4.482,0.5041,22.17,102.56,335.76,2.223,6.74,9.49,10072,0,553,,,,,,,,,,,,,
"  347P/PANSTARRS",3.609,0.3847,11.75,261.05,98.30,2.220,5.00,6.86,7815,0,309,,,,,,,,,,,,,
"  348P/PANSTARRS",3.169,0.3017,17.57,313.56,134.17,2.213,4.12,5.64,4544,0,84,,,,,,,,,,,,,
"  349P/Lemmon",3.571,0.2999,5.49,331.76,256.00,2.500,4.64,6.75,5199,1,209,,,,2.983,,0.104,,,,,,,
"  350P/McNaught",4.099,0.0906,7.36,65.41,141.04,3.728,4.47,8.3,2987,3,52,,,,,,,,,,,,,
"  351P/Wiegert-PANSTARRS",4.44,0.2949,12.78,283.41,352.66,3.130,5.75,9.36,9914,1,315,,,,,,,,,,,,,
"  352P/Skiff",6.598,0.6177,21.06,28.14,309.35,2.523,10.67,16.9,6372,0,637,,,,,,,,,,,,,
"  353P/McNaught",4.166,0.4688,28.42,121.59,230.50,2.213,6.12,8.5,6240,0,126,,,,,,,,,,,,,
"  354P/LINEAR",2.29,0.1250,5.26,320.24,132.73,2.004,2.58,3.46,2579,3,250,,,,,,,,,,,,,
"  355P/LINEAR-NEAT",3.472,0.5081,11.04,51.44,336.40,1.708,5.24,6.47,4984,2,962,,,,,,,,,,,,,
"  356P/WISE",4.165,0.3541,9.63,160.81,226.17,2.690,5.64,8.5,5789,1,212,,,,,,,,,,,,,
"  357P/Hill",4.45,0.4355,6.33,44.68,1.29,2.512,6.39,9.39,3750,1,293,,,,,,,,,,,,,
"  358P/PANSTARRS",3.147,0.2389,11.06,85.70,299.77,2.395,3.90,5.58,8088,1,252,,,,,,,,,,,,,
"  359P/LONEOS",4.631,0.3225,10.26,149.81,200.25,3.138,6.12,9.97,3826,2,133,,,,,,,,,,,,,
"  360P/WISE",3.705,0.4979,24.08,2.23,354.14,1.860,5.55,7.13,5254,0,208,,,,,,,,,,,,,
"  361P/Spacewatch",4.946,0.4379,13.88,203.28,219.24,2.780,7.11,11,4910,0,381,,,,,,,,,,,,,
"  363P/Lemmon",3.405,0.5575,3.97,169.92,315.27,1.507,5.30,6.28,4893,0,124,,,,,,,,,,,,,
"  364P/PANSTARRS",2.878,0.7226,12.15,46.22,211.97,0.799,4.96,4.88,3960,0,1487,,,,,,,,,,,,,
"  365P/PANSTARRS",3.186,0.5733,9.84,87.44,66.40,1.359,5.01,5.69,2382,1,403,,,,,,,,,,,,,
"  366P/Spacewatch",3.501,0.3474,8.85,70.80,153.58,2.285,4.72,6.55,4764,2,74,,,,,,,,,,,,,
"  367P/Catalina",3.511,0.2799,8.46,58.74,173.48,2.528,4.49,6.58,2626,2,129,,,,,,,,,,,,,
"  368P/NEAT",5.504,0.6285,15.45,258.17,118.81,2.044,8.96,12.9,4966,0,784,,,,,,,,,,,,,
"  369P/Hill",4.385,0.5546,10.32,47.37,13.33,1.953,6.82,9.18,3372,0,404,,,,,,,,,,,,,
"  370P/NEAT",6.459,0.6122,19.37,55.27,356.83,2.504,10.41,16.4,6358,0,215,,,,,,,,,,,,,
"  371P/LINEAR-Skiff",4.164,0.4780,17.41,67.41,308.64,2.174,6.15,8.5,6340,1,175,,,,,,,,,,,,,
"  372P/McNaught",4.494,0.1535,9.52,325.86,27.46,3.804,5.18,9.53,4131,1,438,,,,,,,,,,,,,
"  373P/Rinner",3.802,0.3937,13.77,232.02,221.22,2.305,5.30,7.41,2681,1,900,,,,,,,,,,,,,
"  374P/Larson",4.969,0.4625,10.79,8.16,51.42,2.671,7.27,11.1,4168,1,286,,,,,,,,,,,,,
"  375P/Hill",5.567,0.6600,17.37,359.97,119.43,1.893,9.24,13.1,4892,0,313,,,,,,,,,,,,,
"  376P/LONEOS",5.857,0.5148,1.19,315.16,285.48,2.842,8.87,14.2,5999,0,478,,,,,,,,,,,,,
"  377P/Scotti",6.728,0.2515,9.02,226.03,354.47,5.036,8.42,17.5,7395,0,192,,,,,,,,,,,,,
"  378P/McNaught",6.364,0.4688,19.11,94.52,194.16,3.381,9.35,16.1,8263,1,828,,,,,,,,,,,,,
"  379P/Spacewatch",3.53,0.3367,12.38,184.06,31.06,2.342,4.72,6.63,7219,1,98,,,,,,,,,,,,,
"  380P/PANSTARRS",4.528,0.3264,8.23,133.11,90.06,3.050,6.01,9.63,3779,2,266,,,,,,,,,,,,,
"  381P/LINEAR-Spacewatch",7.123,0.6795,28.46,174.11,172.54,2.283,11.96,19,6992,0,175,,,,,,,,,,,,,
"  382P/Larson",6.052,0.2762,7.87,181.67,175.51,4.380,7.72,14.9,5580,0,543,,,,,,,,,,,,,
"  383P/Christensen",3.497,0.6114,11.87,213.64,128.06,1.359,5.64,6.54,4832,0,349,,,,,,,,,,,,,
"  384P/Kowalski",2.903,0.6154,7.28,354.24,37.62,1.116,4.69,4.95,3749,0,740,,,,,,,,,,,,,
"  385P/Hill",4.275,0.4023,16.86,357.16,44.33,2.555,5.99,8.84,3391,1,353,,,,,,,,,,,,,
"  386P/PANSTARRS",4.052,0.4178,15.24,134.98,353.35,2.359,5.74,8.16,6297,0,118,,,,,,,,,,,,,
"  387P/Boattini",4.799,0.7360,8.90,259.36,162.78,1.267,8.33,10.5,4055,0,347,,,,,,,,,,,,,
"  388P/Gibbs",5.239,0.6189,23.88,37.16,42.47,1.997,8.48,12,4573,0,133,,,,,,,,,,,,,
"  389P/Siding Spring",5.62,0.7047,160.07,218.81,249.49,1.660,9.58,13.3,4823,0,103,,,,,,,,,,,,,
"  390P/Gibbs",5.81,0.7058,18.52,152.72,231.74,1.709,9.91,14,5224,0,339,,,,,,,,,,,,,
"  391P/Kowalski",4.68,0.1198,21.27,124.76,186.88,4.119,5.24,10.1,5719,1,260,,,,,,,,,,,,,
"  392P/LINEAR",6.156,0.6825,4.94,25.11,72.00,1.954,10.36,15.3,11104,0,387,,,,,,,,,,,,,
"  393P/Spacewatch-Hill",4.774,0.1196,16.81,36.41,328.59,4.202,5.34,10.4,4103,0,140,,,,,,,,,,,,,
"  394P/PANSTARRS",4.339,0.3691,8.53,98.14,54.50,2.737,5.94,9.04,6593,1,92,,,,,,,,,,,,,
"  395P/Catalina-NEAT",6.579,0.3821,3.28,223.55,89.97,4.065,9.09,16.9,6648,0,810,,,,,,,,,,,,,
"  396P/Leonard",6.842,0.4178,5.43,136.66,8.68,3.983,9.70,17.9,6618,2,115,,,,,,,,,,,,,
"  397P/Lemmon",3.86,0.4006,11.02,8.97,12.49,2.314,5.41,7.58,5921,1,484,,,,,,,,,,,,,
"  398P/Boattini",3.128,0.5826,11.02,127.46,320.23,1.306,4.95,5.53,4041,2,1644,,,,,,,,,,,,,
"  399P/PANSTARRS",3.811,0.4420,13.35,207.56,213.32,2.127,5.50,7.44,8512,1,407,,,,,,,,,,,,,
"  400P/PANSTARRS",3.56,0.4090,10.93,176.41,238.71,2.104,5.02,6.72,3115,0,414,,,,,,,,,,,,,
"  401P/McNaught",5.693,0.5820,12.87,0.10,310.24,2.380,9.01,13.6,5310,1,268,,,,,,,,,,,,,
"  402P/LINEAR",6.979,0.4388,30.89,123.13,326.98,3.916,10.04,18.4,8236,0,2125,,,,,,,,,,,,,
"  403P/CATALINA",5.408,0.5037,12.32,163.85,277.85,2.684,8.13,12.6,4904,0,215,,,,,,,,,,,,,
"  404P/Bressi",4.773,0.1334,9.73,260.42,167.57,4.137,5.41,10.4,4905,2,767,,,,,,,,,,,,,
"  405P/Lemmon",3.607,0.6891,9.37,3.31,112.29,1.121,6.09,6.85,2775,0,1017,,,,,,,,,,,,,
"  406P/Gibbs",3.44,0.5740,1.43,8.81,353.07,1.465,5.41,6.38,4789,2,193,,,,,,,,,,,,,
"  407P/PANSTARRS-Fuls",3.455,0.3850,4.90,80.84,92.34,2.125,4.78,6.42,2595,2,734,,,,,,,,,,,,,
"  408P/Novichonok-Gerke",4.783,0.2713,19.24,189.80,224.81,3.486,6.08,10.5,5068,1,1766,,,,,,,,,,,,,
"  409P/LONEOS-Hill",6.053,0.7107,17.14,143.78,15.04,1.751,10.36,14.9,5692,0,1705,,,,,,,,,,,,,
"  410P/NEAT-LINEAR",6.627,0.5100,9.39,139.98,313.11,3.247,10.01,17.1,6261,1,272,,,,,,,,,,,,,
"  411P/Christensen",5.807,0.5820,12.39,77.82,46.67,2.427,9.19,14,5188,2,225,,,,,,,,,,,,,
"  412P/WISE",3.107,0.4809,8.94,0.86,155.96,1.613,4.60,5.48,4058,0,74,,,,,,,,,,,,,
"  413P/Larson",3.714,0.4238,15.98,39.06,185.90,2.140,5.29,7.16,3123,0,818,,,,,,,,,,,,,
"  414P/STEREO",2.794,0.8117,23.39,257.79,210.71,0.526,5.06,4.67,3422,0,300,,,,,,,,,,,,,
"  415P/Tenagra",4.115,0.1952,31.79,160.33,346.45,3.312,4.92,8.35,3354,1,199,,,,,,,,,,,,,
"  416P/Scotti",4.005,0.4557,3.37,355.80,134.67,2.180,5.83,8.02,2985,2,138,,,,,,,,,,,,,
"  417P/NEOWISE",3.35,0.5546,8.13,111.36,129.40,1.492,5.21,6.13,2282,0,277,,,,,,,,,,,,,
"  418P/LINEAR",5.102,0.6637,5.78,277.86,306.89,1.716,8.49,11.5,4636,0,775,,,,,,,,,,,,,
"  419P/PANSTARRS",3.524,0.2785,2.80,40.43,187.26,2.542,4.50,6.61,2798,1,297,,,,,,,,,,,,,
"  420P/Hill",5.513,0.4943,14.46,174.03,157.61,2.788,8.24,12.9,5281,1,223,,,,,,,,,,,,,
"  421P/McNaught",5.08,0.6754,10.09,55.68,259.90,1.649,8.51,11.5,4403,1,96,,,,,,,,,,,,,
"  422P/Christensen",6.262,0.5061,39.59,36.09,305.99,3.093,9.43,15.7,5912,0,281,,,,,,,,,,,,,
"  423P/Lemmon",6.158,0.1201,8.35,33.35,80.71,5.419,6.90,15.3,5526,0,96,,,,,,,,,,,,,
"  424P/La Sagra",4.401,0.6928,8.64,51.62,312.45,1.352,7.45,9.23,3421,0,614,,,,,,,,,,,,,
"  425P/Kowalski",6.34,0.5424,16.43,210.34,200.22,2.901,9.78,16,6326,0,427,,,,,,,,,,,,,
"  426P/PANSTARRS",3.187,0.1608,17.77,280.52,119.40,2.674,3.70,5.69,2264,0,123,,,,,,,,,,,,,
"  427P/ATLAS",3.171,0.3130,11.85,252.39,99.94,2.178,4.16,5.65,1422,3,434,,,,,,,,,,,,,
"  428P/Gibbs",3.483,0.5190,8.51,299.32,36.94,1.676,5.29,6.5,2733,1,130,,,,,,,,,,,,,
"  429P/LINEAR-Hill",3.493,0.5067,7.75,325.15,72.07,1.723,5.26,6.53,4937,0,587,,,,,,,,,,,,,
"  430P/Scotti",3.107,0.4997,4.47,54.69,94.57,1.554,4.66,5.48,3989,4,314,,,,,,,,,,,,,
"  431P/Scotti",3.442,0.4880,22.67,203.27,199.44,1.763,5.12,6.39,7045,0,519,,,,,,,,,,,,,
"  432P/PANSTARRS",3.037,0.2425,10.07,239.21,105.38,2.300,3.77,5.29,1839,3,68,,,,,,,,,,,,,
"  434P/Tenagra",4.149,0.2717,6.32,289.00,126.93,3.022,5.28,8.45,3458,0,188,,,,,,,,,,,,,
"  435P/PANSTARRS",3.018,0.3186,18.89,98.56,244.37,2.056,3.98,5.24,7236,1,88,,,,,,,,,,,,,
"  436P/Garradd",5.862,0.6718,20.21,87.40,283.07,1.924,9.80,14.2,5260,0,113,,,,,,,,,,,,,
"  437P/Lemmon-PANSTARRS",4.56,0.2523,3.69,245.90,206.63,3.410,5.71,9.74,6878,0,106,,,,,,,,,,,,,
"  438P/Christensen",3.824,0.4223,8.34,260.61,58.38,2.209,5.44,7.48,4168,1,104,,,,,,,,,,,,,
"  439P/LINEAR",3.359,0.5098,6.96,59.10,337.65,1.646,5.07,6.16,4785,2,154,,,,,,,,,,,,,
"  440P/Kobayashi",8.566,0.7611,12.38,329.03,183.29,2.047,15.09,25.1,9255,0,829,,,,,,,,,,,,,
"  441P/PANSTARRS",4.135,0.1956,2.57,143.61,178.71,3.326,4.94,8.41,5890,1,204,,,,,,,,,,,,,
"  442P/McNaught",4.971,0.5316,6.05,32.03,310.97,2.328,7.61,11.1,8047,0,452,,,,,,,,,,,,,
"  443P/PANSTARRS-Christensen",4.132,0.2845,19.89,108.96,145.02,2.956,5.31,8.4,7026,0,211,,,,,,,,,,,,,
"  444P/WISE-PANSTARRS",3.428,0.5703,22.12,89.41,170.89,1.473,5.38,6.35,7033,2,247,,,,,,,,,,,,,
"  445P/Lemmon-PANSTARRS",4.058,0.4125,1.09,126.55,213.73,2.384,5.73,8.17,8794,0,308,,,,,,,,,,,,,
"  446P/McNaught",4.581,0.6467,16.57,336.43,344.68,1.619,7.54,9.8,3779,0,396,,,,,,,,,,,,,
"  447P/Sheppard-Tholen",5.695,0.1807,7.41,302.83,95.09,4.666,6.72,13.6,6080,0,75,,,,,,,,,,,,,
"  448P/PANSTARRS",3.63,0.4190,12.15,161.78,219.03,2.109,5.15,6.92,5193,1,184,,,,,,,,,,,,,
"  449P/Leonard",3.598,0.4790,15.46,242.57,176.65,1.875,5.32,6.83,12458,1,294,,,,,,,,,,,,,
"  450P/LONEOS",7.931,0.3124,10.57,124.93,21.68,5.453,10.41,22.3,8114,0,716,,,,,,,,,,,,,
"  451P/Christensen",6.317,0.5574,26.49,301.04,186.90,2.796,9.84,15.9,5989,1,157,,,,,,,,,,,,,
"  452P/Sheppard-Jewitt",7.271,0.4279,6.43,123.80,37.30,4.159,10.38,19.6,7380,0,219,,,,,,,,,,,,,
"  453P/WISE-Lemmon",5.457,0.5824,27.07,42.90,70.82,2.279,8.64,12.7,4857,1,324,,,,,,,,,,,,,
"  454P/PANSTARRS",4.208,0.3615,19.81,54.61,19.83,2.687,5.73,8.63,3363,1,96,,,,,,,,,,,,,
"  455P/PANSTARRS",3.155,0.3042,14.14,146.21,237.94,2.195,4.11,5.6,4030,2,71,,,,,,,,,,,,,
"  456P/PANSTARRS",3.165,0.1187,16.96,243.22,234.67,2.789,3.54,5.63,4553,1,60,,,,,,,,,,,,,
"  457P/Lemmon-PANSTARRS",2.646,0.1198,5.22,176.01,104.95,2.329,2.96,4.31,3336,1,136,,,,,,,,,,,,,
"  458P/Jahn",3.861,0.3150,13.61,1.63,104.36,2.645,5.08,7.59,3410,0,65,,,,,,,,,,,,,
"  459P/Catalina",3.352,0.5224,13.71,272.04,189.88,1.601,5.10,6.14,9682,0,1061,,,,,,,,,,,,,
"  460P/PANSTARRS",3.022,0.6663,18.92,180.53,351.90,1.009,5.04,5.25,1862,1,160,5,5,,,,,36.6,,,,,,
"  461P/WISE",3.139,0.5704,18.41,194.40,174.78,1.349,4.93,5.56,4205,0,756,,,,,,,4.034,,,,,,
"  462P/LONEOS-PANSTARRS",4.888,0.5779,7.03,322.92,4.42,2.063,7.71,10.8,8148,2,182,,,,,,,,,,,,,
"  463P/NEOWISE",2.976,0.8253,29.44,283.72,215.91,0.520,5.43,5.13,3962,0,114,,,,,,,,,,,,,
"  464P/PANSTARRS",4.69,0.2809,21.67,309.61,267.73,3.372,6.01,10.2,4521,0,175,,,,,,,,,,,,,
"  465P/Hill",6.013,0.6138,25.85,217.94,141.51,2.322,9.70,14.7,5685,0,706,,,,,,,,,,,,,
"  466P/PANSTARRS",4.044,0.4669,12.24,119.89,196.59,2.156,5.93,8.13,2976,1,207,,,,,,,,,,,,,
"  467P/LINEAR-Grauer",5.701,0.0715,2.53,44.09,264.66,5.294,6.11,13.6,5182,1,98,,,,,,,,,,,,,
"  468P/Siding Spring",7.147,0.4448,50.36,356.10,322.25,3.968,10.33,19.1,7198,1,159,,,,,,,,,,,,,
"  469P/PANSTARRS",4.335,0.3116,20.17,179.03,43.96,2.984,5.69,9.03,2457,2,80,,,,,,,,,,,,,
"  470P/PANSTARRS",4.462,0.3886,8.84,246.24,152.25,2.728,6.20,9.42,3719,0,210,,,,,,,,,,,,,
"  471P/LINEAR-Lemmon",5.704,0.6278,4.79,283.35,94.96,2.123,9.29,13.6,10476,0,911,,,,,,,,,,,,,
"  472P/NEAT-LINEAR",7.643,0.5592,10.90,207.87,218.50,3.369,11.92,21.1,8252,0,1351,,,,,,,,,,,,,
"  473P/NEAT",7.927,0.8225,56.95,22.18,43.11,1.407,14.45,22.3,8330,0,520,,,,,,,,,,,,,
"  474P/Hogan",3.129,0.1887,1.10,26.75,12.09,2.539,3.72,5.54,6791,1,120,,,,,,,,,,,,,
"  475P/Spacewatch-LINEAR",7.298,0.4398,14.53,147.49,40.54,4.088,10.51,19.7,7799,0,159,,,,,,,,,,,,,
"  476P/PANSTARRS",4.756,0.3483,18.86,59.25,47.24,3.099,6.41,10.4,3722,2,97,,,,,,,,,,,,,
"  477P/PANSTARRS",3.007,0.4160,8.91,59.21,305.89,1.756,4.26,5.22,3850,1,320,,,,,,,,,,,,,
"  478P/ATLAS",3.647,0.3436,12.52,127.28,13.11,2.394,4.90,6.97,3174,1,494,,,,,,,,,,,,,
"  479P/Elenin",5.62,0.7786,15.39,295.85,263.49,1.244,10.00,13.3,4803,0,990,,,,,,,,,,,,,
"  480P/PANSTARRS",4.65,0.2418,13.70,230.46,212.10,3.526,5.78,10,4068,1,95,,,,,,,,,,,,,
"  481P/Lemmon-PANSTARRS",4.785,0.3365,6.12,94.51,352.74,3.174,6.39,10.5,4547,1,58,,,,,,,,,,,,,
"  482P/PANSTARRS",3.762,0.4929,24.52,126.22,339.38,1.907,5.62,7.3,3469,1,97,,,,,,,,,,,,,
"  484P/Spacewatch",3.762,0.4329,14.47,265.41,241.02,2.133,5.39,7.3,5639,0,110,,,,,,,,,,,,,
"  485P/Sheppard-Tholen",6.841,0.4159,10.01,261.84,195.92,3.996,9.69,17.9,6640,3,12,,,,,,,,,,,,,
"  486P/Leonard",3.629,0.3640,2.21,219.03,93.97,2.308,4.95,6.91,2748,0,734,,,,,,,,,,,,,
"  487P/Siding Spring",5.165,0.6481,39.37,49.20,0.82,1.817,8.51,11.7,8442,0,1401,,,,,,,,,,,,,
"  488P/NEAT-PANSTARRS",3.737,0.5505,11.37,324.11,1.30,1.680,5.79,7.22,8122,0,92,,,,,,,,,,,,,
"  489P/Denning",4.443,0.6456,4.01,22.58,107.96,1.575,7.31,9.37,41324,3,302,,,,,,,,,,,,,
"  490P/ATLAS",3.025,0.6485,12.28,307.60,332.53,1.063,4.99,5.26,2113,0,368,,,,,,,,,,,,,
"  491P/Spacewatch-PANSTARRS",5.012,0.2598,9.37,311.73,299.09,3.710,6.31,11.2,4578,0,455,,,,,,,,,,,,,
"  492P/LINEAR",5.746,0.6917,11.46,11.49,41.02,1.771,9.72,13.8,5313,0,799,,,,,,,,,,,,,
"  493P/LONEOS",7.111,0.4636,24.05,1.39,83.61,3.814,10.41,19,7414,0,1155,,,,,,,,,,,,,
"  494P/PANSTARRS",3.798,0.3575,7.79,245.05,48.88,2.440,5.16,7.4,5547,0,62,,,,,,,,,,,,,
"  495P/Christensen",4.751,0.2711,26.36,291.62,141.48,3.463,6.04,10.4,3646,2,112,,,,,,,,,,,,,
"  496P/Hill",6.079,0.7335,14.83,63.82,42.16,1.620,10.54,15,5736,0,1688,,,,,,,,,,,,,
"  497P/Spacewatch-PANSTARRS",5.587,0.6321,10.53,40.65,32.43,2.055,9.12,13.2,4820,0,174,,,,,,,,,,,,,
"  498P/LINEAR",4.592,0.5724,14.48,279.25,179.14,1.964,7.22,9.84,3772,0,368,,,,,,,,,,,,,
"  499P/Catalina",3.015,0.6914,24.59,139.33,2.56,0.931,5.10,5.24,2034,0,468,,,,,,,,,,,,,
"  500P/PANSTARRS",3.356,0.4134,2.38,116.50,42.29,1.969,4.74,6.15,2350,3,87,,,,,,,,,,,,,
"  501P/Rankin",2.236,0.6957,10.10,140.49,52.80,0.680,3.79,3.34,7284,0,98,,,,,,,,,,,,,
"  502P/NEAT",8.051,0.4709,11.39,264.57,37.19,4.260,11.84,22.8,8528,0,281,,,,,,,,,,,,,
"  503P/PANSTARRS",3.648,0.4830,10.59,268.63,17.92,1.886,5.41,6.97,5181,1,123,,,,,,,,,,,,,
"  504P/WISE-PANSTARRS",3.745,0.4060,8.81,221.12,308.50,2.224,5.26,7.25,5507,1,411,,,,,,,,,,,,,
"  505P/Palomar",4.077,0.3192,11.48,112.30,144.98,2.775,5.38,8.23,8742,0,84,,,,,,,,,,,,,
"  506P/WISE-LINEAR",5.577,0.4821,13.65,325.84,353.60,2.888,8.27,13.2,5218,0,291,,,,,,,,,,,,,
"  507P/Lemmon",6.289,0.5680,17.10,233.43,108.75,2.717,9.86,15.8,5941,1,99,,,,,,,,,,,,,
"  508P/McNaught",3.57,0.5705,31.77,268.82,339.03,1.533,5.61,6.75,7424,0,115,,,,,,,,,,,,,
"  509P/Catalina",7.021,0.4637,8.71,275.83,179.55,3.765,10.28,18.6,7022,0,503,,,,,,,,,,,,,
"  510P/Boattini",6.515,0.2500,8.25,281.04,86.47,4.886,8.14,16.6,5845,1,158,,,,,,,,,,,,,
"  511P/PANSTARRS",3.012,0.2377,14.78,271.03,81.16,2.296,3.73,5.23,3637,1,82,,,,,,,,,,,,,
"  512P/PANSTARRS",5.728,0.1553,12.55,73.78,308.07,4.839,6.62,13.7,5114,3,95,,,,,,,,,,,,,
"  513P/Broughton",7.293,0.5508,21.34,57.02,304.48,3.276,11.31,19.7,7443,1,287,,,,,,,,,,,,,
